Category,Commodity,2013-2014 - Quantity,2013-2014 - Value (in Rs.)
Live Animals (in numbers),Live Animals (in numbers),156032,615549856
Live Animals (in numbers),"0101 Live Horses, Asses, Mules & Hinnies",127,236021868
Live Animals (in numbers),"0105 Live Poultry Fowls of the Species Gallus Domestics Ducks, Geese, Turkeys & Guinea",72908,134584742
Live Animals (in numbers),0106 Other Live Animals,82997,244943246
Meat and Edible Meat Offal (in kgs),Meat and Edible Meat Offal (in kgs),223186,118850365
Meat and Edible Meat Offal (in kgs),"0203 Meat of Swine, Fresh, Chilled or Frozen",113418,47268505
Meat and Edible Meat Offal (in kgs),"0204 Meat of Sheep or Goats, Fresh, Chilled or Frozen",59261,51331911
Meat and Edible Meat Offal (in kgs),"0207 Meat and Edible Offal of the Poultry, Fresh Chilled or Frozen",3255,820393
Meat and Edible Meat Offal (in kgs),"0208 Other Meat and Edible Meat Offal, Fresh, Chilled or Frozen",46402,19305955
Meat and Edible Meat Offal (in kgs),"0210 Meat/Edible Meat Offal, Salted in Brine, Dried/ Smoked; Edible Flours & Meals of Meat/Meat Offal",850,123601
"Dairy Produce; Birds' Eggs; Natural Honey; Edible Prod. of Animal Origin, Not Elsewhere Spec. or Included (in kgs)","Dairy Produce; Birds' Eggs; Natural Honey; Edible Prod. of Animal Origin, Not Elsewhere Spec. or Included (in kgs)",10677895,2259216672
"Dairy Produce; Birds' Eggs; Natural Honey; Edible Prod. of Animal Origin, Not Elsewhere Spec. or Included (in kgs)",0401 Milk & Cream Not Concentrated Nor Containing Added Sugar or Other Sweetening Matter,93356,20786887
"Dairy Produce; Birds' Eggs; Natural Honey; Edible Prod. of Animal Origin, Not Elsewhere Spec. or Included (in kgs)",0402 Milk & Cream Concentrated/Containing Sugar/Sweetening Matter,871070,215317967
"Dairy Produce; Birds' Eggs; Natural Honey; Edible Prod. of Animal Origin, Not Elsewhere Spec. or Included (in kgs)","0403 Butter Milk, Curdled Milk & Cream, Yogurt, Khir & Other Fermented Acidified Milk & Cream",114214,20825797
"Dairy Produce; Birds' Eggs; Natural Honey; Edible Prod. of Animal Origin, Not Elsewhere Spec. or Included (in kgs)",0404 Whey & Products Consisting of Natural Milk Constituent Not Containing Added Sugar or Sweetening Matter.,7159865,1278137222
"Dairy Produce; Birds' Eggs; Natural Honey; Edible Prod. of Animal Origin, Not Elsewhere Spec. or Included (in kgs)",0405 Butter and Other Fats & Oils Derived from Milk; Dairy Spreads,452896,100704596
"Dairy Produce; Birds' Eggs; Natural Honey; Edible Prod. of Animal Origin, Not Elsewhere Spec. or Included (in kgs)",0406 Cheese and Curd,1282398,500783954
"Dairy Produce; Birds' Eggs; Natural Honey; Edible Prod. of Animal Origin, Not Elsewhere Spec. or Included (in kgs)","0407 Birds Eggs, in Shell, Fresh Preserved or Cooked",359680,52057699
"Dairy Produce; Birds' Eggs; Natural Honey; Edible Prod. of Animal Origin, Not Elsewhere Spec. or Included (in kgs)","0408 Birds Eggs, Not in Shell & Egg Yolks Fresh Dred, Cooked, Frozen or Otherwise Preserved",16993,2863439
"Dairy Produce; Birds' Eggs; Natural Honey; Edible Prod. of Animal Origin, Not Elsewhere Spec. or Included (in kgs)",0409 Natural Honey,327423,67739111
Residues and Waste from the Food Industries; Prepared Animal Fodder (in kgs),Residues and Waste from the Food Industries; Prepared Animal Fodder (in kgs),320989258,17394553286
Residues and Waste from the Food Industries; Prepared Animal Fodder (in kgs),2301 Flours Meals & Pellets Of Meat/Meat Offal Of Fish Crustiness Molasses/Other Aquatic Invertebrates Unfit for Human Consumption,11020418,938372430
Residues and Waste from the Food Industries; Prepared Animal Fodder (in kgs),2302 Bran Sharps & Other Residues W/N in the form of Pellets Derived From the Sifting Milling/Other Working of Cereals/of Leguminous Plants,104375857,1250822037
Residues and Waste from the Food Industries; Prepared Animal Fodder (in kgs),2303 Residues of Starch Manufacturing.,38000,1512274
Residues and Waste from the Food Industries; Prepared Animal Fodder (in kgs),2304 Oil-Cake & other Solid Residue in Pellets form Obtained from Soya-Bean Oil Extraction,274805,22721354
Residues and Waste from the Food Industries; Prepared Animal Fodder (in kgs),2305 Oil-Cake & other Solid Residue in Pellets form Obtained from ground nut Oil Extraction,193158,5963467
Residues and Waste from the Food Industries; Prepared Animal Fodder (in kgs),2306 Oil-Cake & other Solid Residue in Pellets form Obtained from Extraction of vegetables fats.,126463441,1970043890
Residues and Waste from the Food Industries; Prepared Animal Fodder (in kgs),2308 Veg Materials &Veg. Waste/Residues for Animal Feeding,27625,856210
Residues and Waste from the Food Industries; Prepared Animal Fodder (in kgs),2309 Preparations of a Kind Used in Animal Feeding,78595954,13204261624
Raw Hides and Skins (Other than Fur skins) and Leather (in kgs),Raw Hides and Skins (Other than Fur skins) and Leather (in kgs),68132606,34965075069
Raw Hides and Skins (Other than Fur skins) and Leather (in kgs),4101 Raw Hides & Skins of Bovine/Equine Animals (Fresh/Salted),15094958,2846896714
Raw Hides and Skins (Other than Fur skins) and Leather (in kgs),4102 Raw Skins of Sheep/Lambs (Fresh/Salted),3604032,1580817786
Raw Hides and Skins (Other than Fur skins) and Leather (in kgs),4103 Other Raw hide & Skins (Fresh/Salted),516226,256977540
Raw Hides and Skins (Other than Fur skins) and Leather (in kgs),4104 Tanned/Crust Hide & Skin of Bovine(Including Buffalo) or Equine Animal Without Hair Won split But Not Further Prepared,24391763,14587365241
Raw Hides and Skins (Other than Fur skins) and Leather (in kgs),4105 Tanned/Crust Skin of Sheep Or Lamb Without Wool Whether Or Not Split But Not Further Prepared.,10152437,4554619529
Raw Hides and Skins (Other than Fur skins) and Leather (in kgs),4106 Tanned/Crust Hide & Skins of Other Animals Without Wool/Hair Won Split But Not Further prepared.,5220467,2280950343
Raw Hides and Skins (Other than Fur skins) and Leather (in kgs),4107 Dressed Leather of Bovine Without Hair W.O.N. Split,5225562,6646170770
Raw Hides and Skins (Other than Fur skins) and Leather (in kgs),4112 Leather Further Prepared After Tanning/Crust Leather of Sheep/Lamb Without Wool W.O.N. Split,547959,946122238
Raw Hides and Skins (Other than Fur skins) and Leather (in kgs),4113 Leather Further Prepared After Tanning/Crust Leather of other Animals Without Wool/ Hair W.O.N. Split.,564938,781704217
Raw Hides and Skins (Other than Fur skins) and Leather (in kgs),4114 Chamois Leather/Patent Leather/Laminated Leather Metalized Leather,65578,84800272
Raw Hides and Skins (Other than Fur skins) and Leather (in kgs),4115 Composition Leather With Base of Leather/Leather Fiber in Slabs/Sheet/Strip; Paring/Waste of Leather,2748686,398650419
"Wool, Fine or Coarse Animal Hair, Horsehair Yarn And Woven Fabric (in kgs)","Wool, Fine or Coarse Animal Hair, Horsehair Yarn And Woven Fabric (in kgs)",96769146,22780193215
"Wool, Fine or Coarse Animal Hair, Horsehair Yarn And Woven Fabric (in kgs)",5101 Wool Not Carded or Combed,89597863,19617212265
"Wool, Fine or Coarse Animal Hair, Horsehair Yarn And Woven Fabric (in kgs)",5102 Fine/Coarse Animal Hair Not Carded/Combed,106186,441603524
"Wool, Fine or Coarse Animal Hair, Horsehair Yarn And Woven Fabric (in kgs)",5103 Waste of Wool/of Fine/Coarse Animal Hair Including Yarn Waste Excluding Garneted Stock,1292850,69365615
"Wool, Fine or Coarse Animal Hair, Horsehair Yarn And Woven Fabric (in kgs)",5105 Wool & Fine/Coarse Animal Hair Carded or Combed (Including Combed Wool In Fragments),173695,225639159
"Wool, Fine or Coarse Animal Hair, Horsehair Yarn And Woven Fabric (in kgs)",5106 Yarn of Carded Wool not Put Up for Retail Sale,71421,104172887
"Wool, Fine or Coarse Animal Hair, Horsehair Yarn And Woven Fabric (in kgs)",5107 Yarn of Combed Wool not Put Up for Retail Sale,158351,118683846
"Wool, Fine or Coarse Animal Hair, Horsehair Yarn And Woven Fabric (in kgs)",5108 Yarn of Fine Animal Hair(Carded/Combed) Not Put Up For Retail Sale,2010,10709229
"Wool, Fine or Coarse Animal Hair, Horsehair Yarn And Woven Fabric (in kgs)","5109 Yarn of Wool or of Fine Animal Hair, Put Up For Retail Sale",4347,9265053
"Wool, Fine or Coarse Animal Hair, Horsehair Yarn And Woven Fabric (in kgs)",5110 Yarn of Coarse Animal Hair/of Horse Hair(Including Gimped Horsehair Yarn)W/N Put up For Retail Sale,72,117702
"Wool, Fine or Coarse Animal Hair, Horsehair Yarn And Woven Fabric (in kgs)",5111 Woven Fabrics of Carded Wool Or of Carded Fine Animal Hair,4331772,1472329134
"Wool, Fine or Coarse Animal Hair, Horsehair Yarn And Woven Fabric (in kgs)",5112 Woven Fabrics of Combed Wool/Fine Animal Hair,1011590,709857957
"Wool, Fine or Coarse Animal Hair, Horsehair Yarn And Woven Fabric (in kgs)",5113 Woven Fabrics of Coarse Animal Hair/of Horse Hair,18989,1236844
